商品名,Amazon,Rakuten,Yahoo,画像URL
キャラバン:C1-02ｓ,https://www.amazon.co.jp/dp/B0B8CM1CBV?a_id=5157158&p_id=170&pl_id=27060&pc_id=185,https://search.rakuten.co.jp/search/mall/%5B%E3%82%AD%E3%83%A3%E3%83%A9%E3%83%90%E3%83%B3%5D%20%E3%83%88%E3%83%AC%E3%83%83%E3%82%AD%E3%83%B3%E3%82%B0%E3%82%B7%E3%83%A5%E3%83%BC%E3%82%BA%20C1_02S%20340(%E3%82%A2%E3%83%B3%E3%83%90%E3%83%BC)%2026.5%20cm%203E/?a_id=5155865&p_id=54&pl_id=27059&pc_id=54,https://shopping.yahoo.co.jp/search?first=1&p=%5B%E3%82%AD%E3%83%A3%E3%83%A9%E3%83%90%E3%83%B3%5D+%E3%83%88%E3%83%AC%E3%83%83%E3%82%AD%E3%83%B3%E3%82%B0%E3%82%B7%E3%83%A5%E3%83%BC%E3%82%BA+C1_02S+340%28%E3%82%A2%E3%83%B3%E3%83%90%E3%83%BC%29+26.5+cm+3E&a_id=5155867&p_id=1225&pl_id=27061&pc_id=1925,https://m.media-amazon.com/images/I/41-ZkDBbDwL._SL500_.jpg
キャラバン:C4-03,https://www.amazon.co.jp/dp/B00J7OTNLW?a_id=5157158&p_id=170&pl_id=27060&pc_id=185,https://search.rakuten.co.jp/search/mall/%5B%E3%82%AD%E3%83%A3%E3%83%A9%E3%83%90%E3%83%B3%5D%20%E3%83%88%E3%83%AC%E3%83%83%E3%82%AD%E3%83%B3%E3%82%B0%E3%82%B7%E3%83%A5%E3%83%BC%E3%82%BA%200010403%20C4_03%20%E3%83%AC%E3%83%87%E3%82%A3%E3%83%BC%E3%82%B9%20670(%E3%83%8D%E3%82%A4%E3%83%93%E3%83%BC)%2024.0%20cm%202E/?a_id=5155865&p_id=54&pl_id=27059&pc_id=54,https://shopping.yahoo.co.jp/search?first=1&p=%5B%E3%82%AD%E3%83%A3%E3%83%A9%E3%83%90%E3%83%B3%5D+%E3%83%88%E3%83%AC%E3%83%83%E3%82%AD%E3%83%B3%E3%82%B0%E3%82%B7%E3%83%A5%E3%83%BC%E3%82%BA+0010403+C4_03+%E3%83%AC%E3%83%87%E3%82%A3%E3%83%BC%E3%82%B9+670%28%E3%83%8D%E3%82%A4%E3%83%93%E3%83%BC%29+24.0+cm+2E&a_id=5155867&p_id=1225&pl_id=27061&pc_id=1925,https://m.media-amazon.com/images/I/51kbZazPCgL._SL500_.jpg
LOWA:バルドGT,https://www.amazon.co.jp/dp/B0CYQ1JF56?a_id=5157158&p_id=170&pl_id=27060&pc_id=185,https://search.rakuten.co.jp/search/mall/%5BLOWA%5D%20%5B%E3%83%AD%E3%83%BC%E3%83%90%E3%83%BC%5D%20%E3%83%88%E3%83%AC%E3%83%83%E3%82%AD%E3%83%B3%E3%82%B0%E3%82%B7%E3%83%A5%E3%83%BC%E3%82%BA%20%E3%83%90%E3%83%AB%E3%83%89%20GT%20%E3%83%A1%E3%83%B3%E3%82%BA%20(L010619)%2026.5cm%20%E3%83%96%E3%83%AB%E3%83%BC/?a_id=5155865&p_id=54&pl_id=27059&pc_id=54,https://shopping.yahoo.co.jp/search?first=1&p=%5BLOWA%5D+%5B%E3%83%AD%E3%83%BC%E3%83%90%E3%83%BC%5D+%E3%83%88%E3%83%AC%E3%83%83%E3%82%AD%E3%83%B3%E3%82%B0%E3%82%B7%E3%83%A5%E3%83%BC%E3%82%BA+%E3%83%90%E3%83%AB%E3%83%89+GT+%E3%83%A1%E3%83%B3%E3%82%BA+%28L010619%29+26.5cm+%E3%83%96%E3%83%AB%E3%83%BC&a_id=5155867&p_id=1225&pl_id=27061&pc_id=1925,https://m.media-amazon.com/images/I/417y8V-ZPCL._SL500_.jpg
LOWA:バディアGT,https://www.amazon.co.jp/dp/B0CYQ1NSSR?a_id=5157158&p_id=170&pl_id=27060&pc_id=185,https://search.rakuten.co.jp/search/mall/%5BLOWA%5D%20%5B%E3%83%AD%E3%83%BC%E3%83%90%E3%83%BC%5D%20%E3%83%88%E3%83%AC%E3%83%83%E3%82%AD%E3%83%B3%E3%82%B0%E3%82%B7%E3%83%A5%E3%83%BC%E3%82%BA%20%E3%83%90%E3%83%87%E3%82%A3%E3%82%A2%20GT%20Ws%20%E3%82%A6%E3%82%A3%E3%83%A1%E3%83%B3%E3%82%BA%20(L020618)%2024.7cm%20%E3%82%A2%E3%82%AF%E3%82%A2%E3%83%9E%E3%83%AA%E3%83%BC%E3%83%B3/?a_id=5155865&p_id=54&pl_id=27059&pc_id=54,https://shopping.yahoo.co.jp/search?first=1&p=%5BLOWA%5D+%5B%E3%83%AD%E3%83%BC%E3%83%90%E3%83%BC%5D+%E3%83%88%E3%83%AC%E3%83%83%E3%82%AD%E3%83%B3%E3%82%B0%E3%82%B7%E3%83%A5%E3%83%BC%E3%82%BA+%E3%83%90%E3%83%87%E3%82%A3%E3%82%A2+GT+Ws+%E3%82%A6%E3%82%A3%E3%83%A1%E3%83%B3%E3%82%BA+%28L020618%29+24.7cm+%E3%82%A2%E3%82%AF%E3%82%A2%E3%83%9E%E3%83%AA%E3%83%BC%E3%83%B3&a_id=5155867&p_id=1225&pl_id=27061&pc_id=1925,https://m.media-amazon.com/images/I/41epqId3LoL._SL500_.jpg
スポルティバ:TX5 MID GTX,https://www.amazon.co.jp/dp/B079XWV6WB?a_id=5157158&p_id=170&pl_id=27060&pc_id=185,https://search.rakuten.co.jp/search/mall/%5BLa%20Sportiva%5D%20%E3%82%B9%E3%83%9D%E3%83%AB%E3%83%86%E3%82%A3%E3%83%90%20%EF%BC%B4%EF%BC%B8%EF%BC%95%20%EF%BC%A7%EF%BC%B4%EF%BC%B8%E7%94%B7%E6%80%A7%E7%94%A8%2027I%20%E3%82%AB%E3%83%BC%E3%83%9C%E3%83%B3%C3%97%E3%82%A4%E3%82%A8%E3%83%AD%E3%83%BC%2042/?a_id=5155865&p_id=54&pl_id=27059&pc_id=54,,https://m.media-amazon.com/images/I/5123fCeJadL._SL500_.jpg
コロニル:カーボンプロ,https://www.amazon.co.jp/dp/B01HHZV85G?a_id=5157158&p_id=170&pl_id=27060&pc_id=185,https://search.rakuten.co.jp/search/mall/%5B%E3%82%B3%E3%83%AD%E3%83%8B%E3%83%AB%5D%20%E5%9B%BD%E5%86%85%E6%AD%A3%E8%A6%8F%E5%93%81%20%E3%82%AB%E3%83%BC%E3%83%9C%E3%83%B3%E3%83%97%E3%83%AD%20%E9%98%B2%E6%B0%B4%E3%82%B9%E3%83%97%E3%83%AC%E3%83%BC%20%E3%80%90%E5%8F%B2%E4%B8%8A%E6%9C%80%E9%95%B7%E6%8C%81%E7%B6%9A%E5%8A%9B%E3%80%91%20%E9%9D%A9%20%E9%9D%B4%20%E3%83%AC%E3%82%B6%E3%83%BC%20%E3%83%90%E3%83%83%E3%82%B0%20%E3%82%B9%E3%82%A8%E3%83%BC%E3%83%89%20%E3%82%B9%E3%83%8B%E3%83%BC%E3%82%AB%E3%83%BC%20%E5%BC%B7%E5%8A%9B%20%E9%98%B2%E6%B1%9A%20%E9%95%B7%E6%99%82%E9%96%93%E6%8C%81%E7%B6%9A%20%E6%92%A5%E6%B0%B4%20%E3%82%B3%E3%83%BC%E3%83%86%E3%82%A3%E3%83%B3%E3%82%B0%20%E6%A2%85%E9%9B%A8%E5%AF%BE%E7%AD%96%20%E3%82%AB%E3%83%A9%E3%83%BC%E3%83%AC%E3%82%B9%20300ml/?a_id=5155865&p_id=54&pl_id=27059&pc_id=54,,https://m.media-amazon.com/images/I/61GexEo9FNL._SL500_.jpg
LOWA:タホープロ2 GT,https://www.amazon.co.jp/dp/B0863JMP89?a_id=5157158&p_id=170&pl_id=27060&pc_id=185,https://search.rakuten.co.jp/search/mall/LOWA(%E3%83%AD%E3%83%BC%E3%83%90%E3%83%BC)%20%E3%82%BF%E3%83%9B%E3%83%BC%E3%83%97%E3%83%AD%20II%20GT%20L010609%20%E3%82%BB%E3%83%94%E3%82%A2%20UK8.0%3D26.5cm/?a_id=5155865&p_id=54&pl_id=27059&pc_id=54,,https://m.media-amazon.com/images/I/51sa3fTlpLL._SL500_.jpg
ファイントラック:エバーブレスフォトンジャケット,https://www.amazon.co.jp/dp/B07PDWTD6G?a_id=5157158&p_id=170&pl_id=27060&pc_id=185,https://search.rakuten.co.jp/search/mall/%5B%E3%83%95%E3%82%A1%E3%82%A4%E3%83%B3%E3%83%88%E3%83%A9%E3%83%83%E3%82%AF%5D%20%E3%82%A8%E3%83%90%E3%83%BC%E3%83%96%E3%83%AC%E3%82%B9%E3%83%95%E3%82%A9%E3%83%88%E3%83%B3%E3%82%B8%E3%83%A3%E3%82%B1%E3%83%83%E3%83%88(%E3%83%A1%E3%83%B3%E3%82%BA)%2FFAM0321%20(JP%2C%20%E3%82%A2%E3%83%AB%E3%83%95%E3%82%A1%E3%83%99%E3%83%83%E3%83%88%2C%20S%2C%20%E3%82%B7%E3%82%B0%E3%83%8A%E3%83%AB%E3%83%AC%E3%83%83%E3%83%89)/?a_id=5155865&p_id=54&pl_id=27059&pc_id=54,https://shopping.yahoo.co.jp/search?first=1&p=%5B%E3%83%95%E3%82%A1%E3%82%A4%E3%83%B3%E3%83%88%E3%83%A9%E3%83%83%E3%82%AF%5D+%E3%82%A8%E3%83%90%E3%83%BC%E3%83%96%E3%83%AC%E3%82%B9%E3%83%95%E3%82%A9%E3%83%88%E3%83%B3%E3%82%B8%E3%83%A3%E3%82%B1%E3%83%83%E3%83%88%28%E3%83%A1%E3%83%B3%E3%82%BA%29%2FFAM0321+%28JP%2C+%E3%82%A2%E3%83%AB%E3%83%95%E3%82%A1%E3%83%99%E3%83%83%E3%83%88%2C+S%2C+%E3%82%B7%E3%82%B0%E3%83%8A%E3%83%AB%E3%83%AC%E3%83%83%E3%83%89%29&a_id=5155867&p_id=1225&pl_id=27061&pc_id=1925,https://m.media-amazon.com/images/I/41E2LTGwVoL._SL500_.jpg
ミレー:ティフォン ストレッチ ジャケット,https://www.amazon.co.jp/dp/B0C6LW2Z9B?a_id=5157158&p_id=170&pl_id=27060&pc_id=185,https://search.rakuten.co.jp/search/mall/%5B%E3%83%9F%E3%83%AC%E3%83%BC%5D%20%E9%98%B2%E6%B0%B4%E3%82%B8%E3%83%A3%E3%82%B1%E3%83%83%E3%83%88%20%E3%83%86%E3%82%A3%E3%83%95%E3%82%A9%E3%83%B3%2050000%20%E3%82%B9%E3%83%88%E3%83%AC%E3%83%83%E3%83%81%20%E3%82%B8%E3%83%A3%E3%82%B1%E3%83%83%E3%83%88%20Newlogo%20MIV202401479%20%E3%83%A1%E3%83%B3%E3%82%BA%20%E3%82%B7%E3%83%A3%E3%83%BC%E3%82%AF(NEW%20LOGO)%20XL/?a_id=5155865&p_id=54&pl_id=27059&pc_id=54,,https://m.media-amazon.com/images/I/31z5govvXZL._SL500_.jpg
ミレー:ティフォン ストレッチ トレックパンツ,https://www.amazon.co.jp/dp/B0C71WLLXK?a_id=5157158&p_id=170&pl_id=27060&pc_id=185,https://search.rakuten.co.jp/search/mall/%5B%E3%83%9F%E3%83%AC%E3%83%BC%5D%20%E3%83%86%E3%82%A3%E3%83%95%E3%82%A9%E3%83%B3%2050000%20%E3%82%B9%E3%83%88%E3%83%AC%E3%83%83%E3%83%81%20%E3%83%88%E3%83%AC%E3%83%83%E3%82%AF%20%E3%83%91%E3%83%B3%E3%83%84%20MIV01483%20%E3%83%A1%E3%83%B3%E3%82%BA%20%E3%82%B5%E3%83%95%E3%82%A1%E3%82%A4%E3%82%A2(NEW%20LOGO)%20M/?a_id=5155865&p_id=54&pl_id=27059&pc_id=54,,https://m.media-amazon.com/images/I/31PLQg9lNwL._SL500_.jpg
ミレー:ティフォン ファントム ファスト ジャケット,https://www.amazon.co.jp/dp/B0D5QPS4TJ?a_id=5157158&p_id=170&pl_id=27060&pc_id=185,https://search.rakuten.co.jp/search/mall/%5B%E3%83%9F%E3%83%AC%E3%83%BC%5D%20%E9%98%B2%E6%B0%B4%E3%82%B8%E3%83%A3%E3%82%B1%E3%83%83%E3%83%88%20%E3%80%90%E3%83%A6%E3%83%8B%E3%82%BB%E3%83%83%E3%82%AF%E3%82%B9%E3%80%91%20%E3%83%86%E3%82%A3%E3%83%95%E3%82%A9%E3%83%B3%20%E3%83%95%E3%82%A1%E3%83%B3%E3%83%88%E3%83%A0%20%E3%83%95%E3%82%A1%E3%82%B9%E3%83%88%20%E3%82%B8%E3%83%A3%E3%82%B1%E3%83%83%E3%83%88%20MIV03174%20%E3%82%A2%E3%82%A4%E3%82%B3%E3%83%B3%E3%83%96%E3%83%AB%E3%83%BC(NEW%20LOGO)%20M/?a_id=5155865&p_id=54&pl_id=27059&pc_id=54,,https://m.media-amazon.com/images/I/41jRLLcK5HL._SL500_.jpg
ミレー:ティフォン ファントム トレック ジャケット,https://www.amazon.co.jp/dp/B0D5QPN8F2?a_id=5157158&p_id=170&pl_id=27060&pc_id=185,https://search.rakuten.co.jp/search/mall/%5B%E3%83%9F%E3%83%AC%E3%83%BC%5D%20%E9%98%B2%E6%B0%B4%E3%82%B8%E3%83%A3%E3%82%B1%E3%83%83%E3%83%88%20%E3%80%90%E3%83%A6%E3%83%8B%E3%82%BB%E3%83%83%E3%82%AF%E3%82%B9%E3%80%91%20%E3%83%86%E3%82%A3%E3%83%95%E3%82%A9%E3%83%B3%20%E3%83%95%E3%82%A1%E3%83%B3%E3%83%88%E3%83%A0%20%E3%83%88%E3%83%AC%E3%83%83%E3%82%AF%20%E3%82%B8%E3%83%A3%E3%82%B1%E3%83%83%E3%83%88%20MIV03171%20%E3%82%A2%E3%82%A4%E3%82%B3%E3%83%B3%E3%83%96%E3%83%AB%E3%83%BC(NEW%20LOGO)%20L/?a_id=5155865&p_id=54&pl_id=27059&pc_id=54,,https://m.media-amazon.com/images/I/41LFyY7qUKL._SL500_.jpg
サロモン:ボナッティトレイル,https://www.amazon.co.jp/dp/B0C9R4Y873?a_id=5157158&p_id=170&pl_id=27060&pc_id=185,https://search.rakuten.co.jp/search/mall/%E3%82%B5%E3%83%AD%E3%83%A2%E3%83%B3%EF%BC%88SALOMON%EF%BC%89%20BONATTI%20TRAIL%20%E3%82%B7%E3%82%A7%E3%83%AB%E3%82%B8%E3%83%A3%E3%82%B1%E3%83%83%E3%83%88%20LC2175000%20%EF%BC%88%E3%83%96%E3%83%A9%E3%83%83%E3%82%AF%2F%EF%BC%B3%2FMen's%EF%BC%89/?a_id=5155865&p_id=54&pl_id=27059&pc_id=54,https://shopping.yahoo.co.jp/search?first=1&p=%E3%82%B5%E3%83%AD%E3%83%A2%E3%83%B3%EF%BC%88SALOMON%EF%BC%89+BONATTI+TRAIL+%E3%82%B7%E3%82%A7%E3%83%AB%E3%82%B8%E3%83%A3%E3%82%B1%E3%83%83%E3%83%88+LC2175000+%EF%BC%88%E3%83%96%E3%83%A9%E3%83%83%E3%82%AF%2F%EF%BC%B3%2FMen%27s%EF%BC%89&a_id=5155867&p_id=1225&pl_id=27061&pc_id=1925,https://m.media-amazon.com/images/I/31mx-NdD+4L._SL500_.jpg
ラブ:ファントムジャケット,https://www.amazon.co.jp/dp/B0DLLQGRMF?a_id=5157158&p_id=170&pl_id=27060&pc_id=185,https://search.rakuten.co.jp/search/mall/%5B%E3%83%A9%E3%83%96%5D%20%E3%83%95%E3%82%A1%E3%83%B3%E3%83%88%E3%83%A0%E3%82%B8%E3%83%A3%E3%82%B1%E3%83%83%E3%83%88%E7%94%B7%E6%80%A7%E7%94%A8%20QWI17%20Light%20Zinc%20L/?a_id=5155865&p_id=54&pl_id=27059&pc_id=54,,https://m.media-amazon.com/images/I/31imyyTMRFL._SL500_.jpg
ゴールドウィン:パーテックス・シールドエアーマウンテニアリングジャケット,https://www.amazon.co.jp/dp/B0DX6MCNFG?a_id=5157158&p_id=170&pl_id=27060&pc_id=185,https://search.rakuten.co.jp/search/mall/GOLDWIN%20%E3%82%B4%E3%83%BC%E3%83%AB%E3%83%89%E3%82%A6%E3%82%A3%E3%83%B3%20%E3%83%91%E3%83%BC%E3%83%86%E3%83%83%E3%82%AF%E3%82%B9%E3%82%B7%E3%83%BC%E3%83%AB%E3%83%89%E3%82%A8%E3%82%A2%E3%83%9E%E3%82%A6%E3%83%B3%E3%83%86%E3%83%8B%E3%82%A2%E3%83%AA%E3%83%B3%E3%82%B0%E3%82%B8%E3%83%A3%E3%82%B1%E3%83%83%E3%83%88%203%20%E3%83%96%E3%83%A9%E3%83%83%E3%82%AF%20%E9%BB%92/?a_id=5155865&p_id=54&pl_id=27059&pc_id=54,,https://m.media-amazon.com/images/I/31TrgWYlmpL._SL500_.jpg
TNF:フューチャーライトドリズルジャケット,https://www.amazon.co.jp/dp/B0CP51VYV8?a_id=5157158&p_id=170&pl_id=27060&pc_id=185,https://search.rakuten.co.jp/search/mall/THE%20NORTH%20FACE(%E3%82%B6%E3%83%8E%E3%83%BC%E3%82%B9%E3%83%95%E3%82%A7%E3%82%A4%E3%82%B9)%20%E3%82%B8%E3%83%A3%E3%82%B1%E3%83%83%E3%83%88%20FL%20Drizzle%20Jacket%20%E3%82%A2%E3%83%BC%E3%83%90%E3%83%B3%E3%83%8D%E3%82%A4%E3%83%93%E3%83%BC%20S/?a_id=5155865&p_id=54&pl_id=27059&pc_id=54,,https://m.media-amazon.com/images/I/31PttFaUqCL._SL500_.jpg
TNF:フューチャーライトドリズルパンツ,https://www.amazon.co.jp/dp/B0C7CQZR8C?a_id=5157158&p_id=170&pl_id=27060&pc_id=185,https://search.rakuten.co.jp/search/mall/%5B%E3%82%B6%E3%83%BB%E3%83%8E%E3%83%BC%E3%82%B9%E3%83%BB%E3%83%95%E3%82%A7%E3%82%A4%E3%82%B9%5D%20FL%20Drizzle%20Pant%20%E3%83%96%E3%83%A9%E3%83%83%E3%82%AF%20M/?a_id=5155865&p_id=54&pl_id=27059&pc_id=54,https://shopping.yahoo.co.jp/search?first=1&p=%5B%E3%82%B6%E3%83%BB%E3%83%8E%E3%83%BC%E3%82%B9%E3%83%BB%E3%83%95%E3%82%A7%E3%82%A4%E3%82%B9%5D+FL+Drizzle+Pant+%E3%83%96%E3%83%A9%E3%83%83%E3%82%AF+M&a_id=5155867&p_id=1225&pl_id=27061&pc_id=1925,https://m.media-amazon.com/images/I/21UjTIbum3L._SL500_.jpg
TNF:クライムライトジャケット,https://www.amazon.co.jp/dp/B0B34MSZLJ?a_id=5157158&p_id=170&pl_id=27060&pc_id=185,https://search.rakuten.co.jp/search/mall/%5B%E3%82%B6%E3%83%8E%E3%83%BC%E3%82%B9%E3%83%95%E3%82%A7%E3%82%A4%E3%82%B9%5D%20%E3%82%AF%E3%83%A9%E3%82%A4%E3%83%A0%E3%83%A9%E3%82%A4%E3%83%88%E3%82%B8%E3%83%A3%E3%82%B1%E3%83%83%E3%83%88%20%E3%83%A1%E3%83%B3%E3%82%BA%20%E3%82%B4%E3%82%A2%E3%83%86%E3%83%83%E3%82%AF%E3%82%B9%20%E9%98%B2%E6%B0%B4%E9%80%8F%E6%B9%BF%20%E8%BB%BD%E9%87%8F%20%E3%83%96%E3%83%A9%E3%83%83%E3%82%AF%20S/?a_id=5155865&p_id=54&pl_id=27059&pc_id=54,https://shopping.yahoo.co.jp/search?first=1&p=%5B%E3%82%B6%E3%83%8E%E3%83%BC%E3%82%B9%E3%83%95%E3%82%A7%E3%82%A4%E3%82%B9%5D+%E3%82%AF%E3%83%A9%E3%82%A4%E3%83%A0%E3%83%A9%E3%82%A4%E3%83%88%E3%82%B8%E3%83%A3%E3%82%B1%E3%83%83%E3%83%88+%E3%83%A1%E3%83%B3%E3%82%BA+%E3%82%B4%E3%82%A2%E3%83%86%E3%83%83%E3%82%AF%E3%82%B9+%E9%98%B2%E6%B0%B4%E9%80%8F%E6%B9%BF+%E8%BB%BD%E9%87%8F+%E3%83%96%E3%83%A9%E3%83%83%E3%82%AF+S&a_id=5155867&p_id=1225&pl_id=27061&pc_id=1925,https://m.media-amazon.com/images/I/41-BHL+GpTL._SL500_.jpg
TNF:クライムライトジップパンツ,https://www.amazon.co.jp/dp/B0BN5K8QLY?a_id=5157158&p_id=170&pl_id=27060&pc_id=185,https://search.rakuten.co.jp/search/mall/%5B%E3%82%B6%E3%83%8E%E3%83%BC%E3%82%B9%E3%83%95%E3%82%A7%E3%82%A4%E3%82%B9%5D%20%E3%82%AF%E3%83%A9%E3%82%A4%E3%83%A0%E3%83%A9%E3%82%A4%E3%83%88%E3%82%B8%E3%83%83%E3%83%97%E3%83%91%E3%83%B3%E3%83%84%20%E3%83%A1%E3%83%B3%E3%82%BA%20%E3%82%B4%E3%82%A2%E3%83%86%E3%83%83%E3%82%AF%E3%82%B9%20%E9%98%B2%E6%B0%B4%E9%80%8F%E6%B9%BF%20%E8%A3%BE%E3%83%95%E3%82%A1%E3%82%B9%E3%83%8A%E3%83%BC%20%E3%80%90FW23%E3%80%91%E3%83%96%E3%83%A9%E3%83%83%E3%82%AF%20S/?a_id=5155865&p_id=54&pl_id=27059&pc_id=54,,https://m.media-amazon.com/images/I/412cRa8DrxL._SL500_.jpg
フォックスファイヤー:クレストクライマージャケット,https://www.amazon.co.jp/dp/B0CVB4G23C?a_id=5157158&p_id=170&pl_id=27060&pc_id=185,https://search.rakuten.co.jp/search/mall/%5B%E3%83%95%E3%82%A9%E3%83%83%E3%82%AF%E3%82%B9%E3%83%95%E3%82%A1%E3%82%A4%E3%83%A4%E3%83%BC%5D%207411032%E3%80%90%E9%98%B2%E6%B0%B4%E3%80%91%E3%80%90GORE-TEX%E3%80%91%E3%80%90Active%E3%80%91%20%E3%82%AF%E3%83%AC%E3%82%B9%E3%83%88%E3%82%AF%E3%83%A9%E3%82%A4%E3%83%9E%E3%83%BC%20%E3%82%B8%E3%83%A3%E3%82%B1%E3%83%83%E3%83%88%20%E3%83%A1%E3%83%B3%E3%82%BA%207411032%20%E3%82%B0%E3%83%A9%E3%83%8A%E3%82%A4%E3%83%88%E3%82%B5%E3%83%B3%E3%83%89/?a_id=5155865&p_id=54&pl_id=27059&pc_id=54,,https://m.media-amazon.com/images/I/41birztLjWL._SL500_.jpg
フォックスファイヤー:クレストクライマーパンツ,https://www.amazon.co.jp/dp/B084T7H64V?a_id=5157158&p_id=170&pl_id=27060&pc_id=185,https://search.rakuten.co.jp/search/mall/%5B%E3%83%95%E3%82%A9%E3%83%83%E3%82%AF%E3%82%B9%E3%83%95%E3%82%A1%E3%82%A4%E3%83%A4%E3%83%BC%5D%20%E9%98%B2%E6%B0%B4%E3%80%90GORE-TEX%E3%80%91%E3%80%90Active%E3%80%91%20%E3%82%AF%E3%83%AC%E3%82%B9%E3%83%88%E3%82%AF%E3%83%A9%E3%82%A4%E3%83%9E%E3%83%BC%20%E3%83%91%E3%83%B3%E3%83%84%20%E3%82%B4%E3%82%A2%E3%83%86%E3%83%83%E3%82%AF%E3%82%B9%207411034%20%E3%83%A1%E3%83%B3%E3%82%BA%20%E3%83%81%E3%83%A3%E3%82%B3%E3%83%BC%E3%83%AB%20%E6%97%A5%E6%9C%AC%20XL%20(%E6%97%A5%E6%9C%AC%E3%82%B5%E3%82%A4%E3%82%BAXL%E7%9B%B8%E5%BD%93)/?a_id=5155865&p_id=54&pl_id=27059&pc_id=54,https://shopping.yahoo.co.jp/search?first=1&p=%5B%E3%83%95%E3%82%A9%E3%83%83%E3%82%AF%E3%82%B9%E3%83%95%E3%82%A1%E3%82%A4%E3%83%A4%E3%83%BC%5D+%E9%98%B2%E6%B0%B4%E3%80%90GORE-TEX%E3%80%91%E3%80%90Active%E3%80%91+%E3%82%AF%E3%83%AC%E3%82%B9%E3%83%88%E3%82%AF%E3%83%A9%E3%82%A4%E3%83%9E%E3%83%BC+%E3%83%91%E3%83%B3%E3%83%84+%E3%82%B4%E3%82%A2%E3%83%86%E3%83%83%E3%82%AF%E3%82%B9+7411034+%E3%83%A1%E3%83%B3%E3%82%BA+%E3%83%81%E3%83%A3%E3%82%B3%E3%83%BC%E3%83%AB+%E6%97%A5%E6%9C%AC+XL+%28%E6%97%A5%E6%9C%AC%E3%82%B5%E3%82%A4%E3%82%BAXL%E7%9B%B8%E5%BD%93%29&a_id=5155867&p_id=1225&pl_id=27061&pc_id=1925,https://m.media-amazon.com/images/I/31pvvLbhtKL._SL500_.jpg
プロモンテ:ゴアテックスパックライトレインスーツ,https://www.amazon.co.jp/dp/B0C7F9FPT8?a_id=5157158&p_id=170&pl_id=27060&pc_id=185,https://search.rakuten.co.jp/search/mall/%5B%E3%83%97%E3%83%AD%E3%83%A2%E3%83%B3%E3%83%86%5D%20GORE-TEX%20%E3%82%B4%E3%82%A2%E3%83%86%E3%83%83%E3%82%AF%E3%82%B9%20%E3%83%91%E3%83%83%E3%82%AF%E3%83%A9%E3%82%A4%E3%83%88%E3%83%97%E3%83%A9%E3%82%B9%E3%83%AC%E3%82%A4%E3%83%B3%E3%82%B9%E3%83%BC%E3%83%84%E3%83%A1%E3%83%B3%E3%82%BA%20SR150M%2FOV%202L%20%E3%82%AA%E3%83%AA%E3%83%BC%E3%83%96/?a_id=5155865&p_id=54&pl_id=27059&pc_id=54,,https://m.media-amazon.com/images/I/41hIVyon3TL._SL500_.jpg
マムート:クライメイトレインスーツ,https://www.amazon.co.jp/dp/B08SBWF1YP?a_id=5157158&p_id=170&pl_id=27060&pc_id=185,https://search.rakuten.co.jp/search/mall/%5BMammut%5D%20%E3%82%AF%E3%83%A9%E3%82%A4%E3%83%A1%E3%83%BC%E3%83%88%20%E3%83%AC%E3%82%A4%E3%83%B3%20-%E3%82%B9%E3%83%BC%E3%83%84%20%E3%82%A2%E3%82%B8%E3%82%A2%E3%83%B3%E3%83%95%E3%82%A3%E3%83%83%E3%83%88%20%E3%83%A1%E3%83%B3%E3%82%BA%2FCLIMATE%20Rain%20-Suit%20AF%20Men%201010-26551/?a_id=5155865&p_id=54&pl_id=27059&pc_id=54,,https://m.media-amazon.com/images/I/31IfNw7Z+VL._SL500_.jpg
シートゥーサミット:ウルトラシルナノポンチョ,https://www.amazon.co.jp/dp/B01AIXGA7U?a_id=5157158&p_id=170&pl_id=27060&pc_id=185,https://search.rakuten.co.jp/search/mall/Sea%20to%20Summit%20Ultra-SIL%E3%83%8A%E3%83%8E%E3%83%9D%E3%83%B3%E3%83%81%E3%83%A7%E3%83%AC%E3%82%A4%E3%83%B3%E3%82%B3%E3%83%BC%E3%83%88%E3%81%A8%E3%83%91%E3%83%83%E3%82%AF%E3%82%AB%E3%83%90%E3%83%BC%2C%20%E3%83%A9%E3%82%A4%E3%83%A0%E3%82%B0%E3%83%AA%E3%83%BC%E3%83%B3%2C%20One%20Size/?a_id=5155865&p_id=54&pl_id=27059&pc_id=54,,https://m.media-amazon.com/images/I/31NDwHYKqsL._SL500_.jpg
ファイントラック:オールウォッシュ,https://www.amazon.co.jp/dp/B01MV3O3W6?a_id=5157158&p_id=170&pl_id=27060&pc_id=185,https://search.rakuten.co.jp/search/mall/%E3%83%95%E3%82%A1%E3%82%A4%E3%83%B3%E3%83%88%E3%83%A9%E3%83%83%E3%82%AF%20finetrack%20%E3%82%AA%E3%83%BC%E3%83%AB%E3%82%A6%E3%82%A9%E3%83%83%E3%82%B7%E3%83%A5%E3%80%80FCG0101%20ONESIZE/?a_id=5155865&p_id=54&pl_id=27059&pc_id=54,,https://m.media-amazon.com/images/I/31vbryfRs7L._SL500_.jpg
サロモン:ADV SKIN12,https://www.amazon.co.jp/dp/B0DXPP6JB3?a_id=5157158&p_id=170&pl_id=27060&pc_id=185,https://search.rakuten.co.jp/search/mall/%5B%E3%82%B5%E3%83%AD%E3%83%A2%E3%83%B3%5D%20%EF%BC%A1%EF%BC%A4%EF%BC%B6%20%EF%BC%B3%EF%BC%AB%EF%BC%A9%EF%BC%AE%20%EF%BC%91%EF%BC%92%2024643%20BLACK%20M/?a_id=5155865&p_id=54&pl_id=27059&pc_id=54,,https://m.media-amazon.com/images/I/41RCjZPWNlL._SL500_.jpg
パーゴワークス:RUSH7R,https://www.amazon.co.jp/dp/B0BYHV7PV7?a_id=5157158&p_id=170&pl_id=27060&pc_id=185,https://search.rakuten.co.jp/search/mall/PaaGo%20WORKS%20%E3%83%91%E3%83%BC%E3%82%B4%E3%83%AF%E3%83%BC%E3%82%AF%E3%82%B9%20%E3%83%A9%E3%83%83%E3%82%B7%E3%83%A57R%20%E3%82%B7%E3%83%A3%E3%83%89%E3%83%BC%E3%82%B0%E3%83%AC%E3%83%BC/?a_id=5155865&p_id=54&pl_id=27059&pc_id=54,https://shopping.yahoo.co.jp/search?first=1&p=PaaGo+WORKS+%E3%83%91%E3%83%BC%E3%82%B4%E3%83%AF%E3%83%BC%E3%82%AF%E3%82%B9+%E3%83%A9%E3%83%83%E3%82%B7%E3%83%A57R+%E3%82%B7%E3%83%A3%E3%83%89%E3%83%BC%E3%82%B0%E3%83%AC%E3%83%BC&a_id=5155867&p_id=1225&pl_id=27061&pc_id=1925,https://m.media-amazon.com/images/I/41dIklheejL._SL500_.jpg
ノースフェイス:TR ROCKET,https://www.amazon.co.jp/dp/B0D6G35FJY?a_id=5157158&p_id=170&pl_id=27060&pc_id=185,https://search.rakuten.co.jp/search/mall/%5BTHE%20NORTH%20FACE%5D%20TR%20Rocket%20%E3%83%96%E3%83%A9%E3%83%83%E3%82%AF%20M/?a_id=5155865&p_id=54&pl_id=27059&pc_id=54,https://shopping.yahoo.co.jp/search?first=1&p=%5BTHE+NORTH+FACE%5D+TR+Rocket+%E3%83%96%E3%83%A9%E3%83%83%E3%82%AF+M&a_id=5155867&p_id=1225&pl_id=27061&pc_id=1925,https://m.media-amazon.com/images/I/31by4GfDrlL._SL500_.jpg
アークテリクス:アルファFL40,https://www.amazon.co.jp/dp/B0D9Y4R1XF?a_id=5157158&p_id=170&pl_id=27060&pc_id=185,https://search.rakuten.co.jp/search/mall/%5B%E3%82%A2%E3%83%BC%E3%82%AF%E3%83%86%E3%83%AA%E3%82%AF%E3%82%B9%5D%20ARCTERYX%20%E3%82%A2%E3%83%AB%E3%83%95%E3%82%A1%EF%BC%A6%EF%BC%AC%EF%BC%94%EF%BC%90%E3%83%90%E3%83%83%E3%82%AF%E3%83%91%E3%83%83%E3%82%AF%20X000009309%20Vitality%20REG/?a_id=5155865&p_id=54&pl_id=27059&pc_id=54,,https://m.media-amazon.com/images/I/41r9YLRVqdL._SL500_.jpg
オスプレー:ミュータント52,https://www.amazon.co.jp/dp/B09ZNKQGRT?a_id=5157158&p_id=170&pl_id=27060&pc_id=185,https://search.rakuten.co.jp/search/mall/%5B%E3%82%AA%E3%82%B9%E3%83%97%E3%83%AC%E3%83%BC%5D%20%E3%83%9F%E3%83%A5%E3%83%BC%E3%82%BF%E3%83%B3%E3%83%8852%20OS50452%20%E3%82%BF%E3%83%B3%E3%82%B0%E3%82%B9%E3%83%86%E3%83%B3%E3%82%B0%E3%83%AC%E3%83%BC%20M%2FL/?a_id=5155865&p_id=54&pl_id=27059&pc_id=54,,https://m.media-amazon.com/images/I/41tUGOEoqfL._SL500_.jpg
ペツル:バグ,https://www.amazon.co.jp/dp/B07NDHC323?a_id=5157158&p_id=170&pl_id=27060&pc_id=185,https://search.rakuten.co.jp/search/mall/PETZL%EF%BC%88%E3%83%9A%E3%83%84%E3%83%AB%EF%BC%89%20%E3%83%90%E3%82%B0%20S073AA%20%E3%82%B0%E3%83%AC%E3%83%BC%202019%E3%83%A2%E3%83%87%E3%83%AB%20%5B%E4%B8%A6%E8%A1%8C%E8%BC%B8%E5%85%A5%E5%93%81%5D/?a_id=5155865&p_id=54&pl_id=27059&pc_id=54,,https://m.media-amazon.com/images/I/41LkM1NzsrL._SL500_.jpg
イスカ:ウェザーテックドライインナー45,https://www.amazon.co.jp/dp/B000AR5WZQ?a_id=5157158&p_id=170&pl_id=27060&pc_id=185,https://search.rakuten.co.jp/search/mall/%E3%82%A4%E3%82%B9%E3%82%AB(ISUKA)%20%E3%82%A6%E3%82%A7%E3%82%B6%E3%83%BC%E3%83%86%E3%83%83%E3%82%AF%20%E3%82%A4%E3%83%B3%E3%83%8A%E3%83%BC%E3%83%90%E3%83%83%E3%82%B0%2045L%20%E3%83%96%E3%83%A9%E3%83%83%E3%82%AF%20356601/?a_id=5155865&p_id=54&pl_id=27059&pc_id=54,https://shopping.yahoo.co.jp/search?first=1&p=%E3%82%A4%E3%82%B9%E3%82%AB%28ISUKA%29+%E3%82%A6%E3%82%A7%E3%82%B6%E3%83%BC%E3%83%86%E3%83%83%E3%82%AF+%E3%82%A4%E3%83%B3%E3%83%8A%E3%83%BC%E3%83%90%E3%83%83%E3%82%B0+45L+%E3%83%96%E3%83%A9%E3%83%83%E3%82%AF+356601&a_id=5155867&p_id=1225&pl_id=27061&pc_id=1925,https://m.media-amazon.com/images/I/41dfFRGe6fL._SL500_.jpg
ミレー:サースフェーNX30,https://www.amazon.co.jp/dp/B0C6XXBZ69?a_id=5157158&p_id=170&pl_id=27060&pc_id=185,https://search.rakuten.co.jp/search/mall/%5B%E3%83%9F%E3%83%AC%E3%83%BC%5D%20%E7%99%BB%E5%B1%B1%E3%83%AA%E3%83%A5%E3%83%83%E3%82%AF%20%E3%82%B5%E3%83%BC%E3%82%B9%E3%83%95%E3%82%A7%E3%83%BC%20NX%2030%2B5%20MIS0756%20%E3%83%A1%E3%83%B3%E3%82%BA%20%E3%83%96%E3%83%A9%E3%83%83%E3%82%AF-%E3%83%8E%E3%83%AF%E3%83%BC%E3%83%AB(NEW%20LOGO)%20M%5B%E8%83%8C%E9%9D%A2%E9%95%B7%3D48cm%5D/?a_id=5155865&p_id=54&pl_id=27059&pc_id=54,,https://m.media-amazon.com/images/I/31rLAD37H6L._SL500_.jpg
グレゴリー:ズール30,https://www.amazon.co.jp/dp/B0BVHK3V9H?a_id=5157158&p_id=170&pl_id=27060&pc_id=185,https://search.rakuten.co.jp/search/mall/%5BGREGORY%5D%20ZULU30%20%E3%82%BA%E3%83%BC%E3%83%AB30%20%E3%83%9C%E3%83%AB%E3%82%B1%E3%83%8B%E3%83%83%E3%82%AF%E3%83%96%E3%83%A9%E3%83%83%E3%82%AF%20M%2FL%20145291/?a_id=5155865&p_id=54&pl_id=27059&pc_id=54,,https://m.media-amazon.com/images/I/31kaVmnvwAL._SL500_.jpg
オスプレー:タロン33,https://www.amazon.co.jp/dp/B0DSCNG8C7?a_id=5157158&p_id=170&pl_id=27060&pc_id=185,https://search.rakuten.co.jp/search/mall/Osprey%20Talon%2033L%20%E3%83%A1%E3%83%B3%E3%82%BA%20%E8%BB%BD%E9%87%8F%20%E3%83%8F%E3%82%A4%E3%82%AD%E3%83%B3%E3%82%B0%E3%83%90%E3%83%83%E3%82%AF%E3%83%91%E3%83%83%E3%82%AF%20%E3%83%92%E3%83%83%E3%83%97%E3%83%99%E3%83%AB%E3%83%88%E4%BB%98%E3%81%8D%2C%20%E3%83%96%E3%83%A9%E3%83%83%E3%82%AF%2F%E3%82%B3%E3%83%BC%E3%83%AB%E3%82%B0%E3%83%AC%E3%83%BC%E3%80%82%2C%20One%20Size%2C%2033%E3%83%AA%E3%83%83%E3%83%88%E3%83%AB%E3%80%82/?a_id=5155865&p_id=54&pl_id=27059&pc_id=54,,https://m.media-amazon.com/images/I/31EazZrCgOL._SL500_.jpg
オスプレー:テンペスト33,,https://item.rakuten.co.jp/yoshikip2/os52470/?a_id=5155865&p_id=54&pl_id=27059&pc_id=54,https://shopping.yahoo.co.jp/search?first=1&p=%E3%82%AA%E3%82%B9%E3%83%97%E3%83%AC%E3%83%BC+OSPREY+%E3%83%86%E3%83%B3%E3%83%9A%E3%82%B9%E3%83%8833+cp+OS5247000x001+%E5%9B%BD%E5%86%85%E6%AD%A3%E8%A6%8F%E5%93%81&a_id=5155867&p_id=1225&pl_id=27061&pc_id=1925,https://thumbnail.image.rakuten.co.jp/@0_mall/yoshikip2/cabinet/ir20250117/os52470_25ss_2.jpg
ドイター:フューチュラ32,https://www.amazon.co.jp/dp/B0C7L2PGG4?a_id=5157158&p_id=170&pl_id=27060&pc_id=185,https://search.rakuten.co.jp/search/mall/%5B%E3%83%89%E3%82%A4%E3%82%BF%E3%83%BC%5D%20%E3%83%8F%E3%82%A4%E3%82%AD%E3%83%B3%E3%82%B0%E3%83%BB%E3%83%88%E3%83%AC%E3%83%83%E3%82%AD%E3%83%B3%E3%82%B0%E3%83%91%E3%83%83%E3%82%AF%20%E3%83%95%E3%83%A5%E3%83%BC%E3%83%81%E3%83%A5%E3%83%A9%2032%20%E3%83%A1%E3%83%B3%E3%82%BA%20%E3%82%AB%E3%83%BC%E3%82%ADx%E3%83%A1%E3%83%89%E3%83%BC%2032L/?a_id=5155865&p_id=54&pl_id=27059&pc_id=54,,https://m.media-amazon.com/images/I/413HQcvsXeL._SL500_.jpg
グレゴリー:アンバー34,https://www.amazon.co.jp/dp/B0CT9WGNB2?a_id=5157158&p_id=170&pl_id=27060&pc_id=185,https://search.rakuten.co.jp/search/mall/%E3%82%B0%E3%83%AC%E3%82%B4%E3%83%AA%E3%83%BC%E3%83%9E%E3%82%A6%E3%83%B3%E3%83%86%E3%83%B3%E3%83%97%E3%83%AD%E3%83%80%E3%82%AF%E3%83%84%E3%82%A2%E3%83%B3%E3%83%90%E3%83%BC34%E3%80%81%E3%83%AA%E3%83%BC%E3%83%81%E3%82%A7%E3%83%B3%E3%82%B0%E3%83%AA%E3%83%BC%E3%83%B3%E3%80%82%20Lichen%20Green%E3%80%82/?a_id=5155865&p_id=54&pl_id=27059&pc_id=54,,https://m.media-amazon.com/images/I/41xdF8+UgLL._SL500_.jpg
オスプレー:ケストレル48,https://www.amazon.co.jp/dp/B0BKQJ1R8F?a_id=5157158&p_id=170&pl_id=27060&pc_id=185,https://search.rakuten.co.jp/search/mall/OSPREY%20%E3%83%90%E3%83%83%E3%82%AF%E3%83%91%E3%83%83%E3%82%AF%20%E3%83%AA%E3%83%A5%E3%83%83%E3%82%AF%20%E7%99%BB%E5%B1%B1%20%E3%83%8F%E3%82%A4%E3%82%AD%E3%83%B3%E3%82%B0%20%E3%82%B1%E3%82%B9%E3%83%88%E3%83%AC%E3%83%AB%2048%20OS50382001%20%EF%BC%88%E3%83%96%E3%83%A9%E3%83%83%E3%82%AF%2F%EF%BC%AD%EF%BC%8D%EF%BC%B3%2FMen's%EF%BC%89/?a_id=5155865&p_id=54&pl_id=27059&pc_id=54,,https://m.media-amazon.com/images/I/31UNZxEWg5L._SL500_.jpg
ミレー:プロライター38+10,https://www.amazon.co.jp/dp/B096MBQZYJ?a_id=5157158&p_id=170&pl_id=27060&pc_id=185,https://search.rakuten.co.jp/search/mall/%5B%E3%83%9F%E3%83%AC%E3%83%BC%5D%20%E7%99%BB%E5%B1%B1%E3%83%AA%E3%83%A5%E3%83%83%E3%82%AF%20%E3%83%97%E3%83%AD%E3%83%A9%E3%82%A4%E3%82%BF%E3%83%BC%2038%2B10%20MIS2271%20%E3%82%B5%E3%83%95%E3%82%A1%E3%82%A4%E3%82%A2%20F/?a_id=5155865&p_id=54&pl_id=27059&pc_id=54,,https://m.media-amazon.com/images/I/411eFhBFHtL._SL500_.jpg
グレゴリー:バルトロ65,https://www.amazon.co.jp/dp/B09X4VXSJX?a_id=5157158&p_id=170&pl_id=27060&pc_id=185,https://search.rakuten.co.jp/search/mall/%5B%E3%82%B0%E3%83%AC%E3%82%B4%E3%83%AA%E3%83%BC%5D%20BALTORO65%20RC%20%E3%83%90%E3%83%AB%E3%83%88%E3%83%AD65%20RC%20142440%20%E3%82%AA%E3%83%96%E3%82%B7%E3%83%80%E3%83%B3%E3%83%96%E3%83%A9%E3%83%83%E3%82%AF%20M/?a_id=5155865&p_id=54&pl_id=27059&pc_id=54,,https://m.media-amazon.com/images/I/41sV33sG0LL._SL500_.jpg
ドイター:エアコンタクトコア60+10,https://www.amazon.co.jp/dp/B0C823L3SJ?a_id=5157158&p_id=170&pl_id=27060&pc_id=185,https://search.rakuten.co.jp/search/mall/%5B%E3%83%89%E3%82%A4%E3%82%BF%E3%83%BC%5D%20%E3%83%88%E3%83%AC%E3%83%83%E3%82%AD%E3%83%B3%E3%82%B0%E3%83%90%E3%83%83%E3%82%AF%E3%83%91%E3%83%83%E3%82%AF%20Aircontact%20Core%2060%2B10%20(2024)%20%E3%83%A1%E3%83%B3%E3%82%BA%20Atlantic-ink%2060%2B10%20L/?a_id=5155865&p_id=54&pl_id=27059&pc_id=54,,https://m.media-amazon.com/images/I/415kTxlLV5L._SL500_.jpg
オスプレー:エーリエル65,https://www.amazon.co.jp/dp/B08LP14J7N?a_id=5157158&p_id=170&pl_id=27060&pc_id=185,https://search.rakuten.co.jp/search/mall/%5B%E3%82%AA%E3%82%B9%E3%83%97%E3%83%AC%E3%83%BC%5D%20%E3%82%A8%E3%83%BC%E3%83%AA%E3%82%A8%E3%83%AB%EF%BC%96%EF%BC%95%E5%A5%B3%E6%80%A7%E7%94%A8%20OS50085%20%E3%82%BB%E3%83%A9%E3%83%9F%E3%83%83%E3%82%AF%E3%83%96%E3%83%AB%E3%83%BC%20XSS/?a_id=5155865&p_id=54&pl_id=27059&pc_id=54,https://shopping.yahoo.co.jp/search?first=1&p=%5B%E3%82%AA%E3%82%B9%E3%83%97%E3%83%AC%E3%83%BC%5D+%E3%82%A8%E3%83%BC%E3%83%AA%E3%82%A8%E3%83%AB%EF%BC%96%EF%BC%95%E5%A5%B3%E6%80%A7%E7%94%A8+OS50085+%E3%82%BB%E3%83%A9%E3%83%9F%E3%83%83%E3%82%AF%E3%83%96%E3%83%AB%E3%83%BC+XSS&a_id=5155867&p_id=1225&pl_id=27061&pc_id=1925,https://m.media-amazon.com/images/I/41hG+duBFqL._SL500_.jpg
ミレー:サースフェーNX75+,https://www.amazon.co.jp/dp/B0C6LDF46N?a_id=5157158&p_id=170&pl_id=27060&pc_id=185,https://search.rakuten.co.jp/search/mall/%5B%E3%83%9F%E3%83%AC%E3%83%BC%5D%20%E7%99%BB%E5%B1%B1%E3%83%AA%E3%83%A5%E3%83%83%E3%82%AF%20%E3%82%B5%E3%83%BC%E3%82%B9%E3%83%95%E3%82%A7%E3%83%BC%20NX%2075%2B%20MIS0770%20%E3%82%B5%E3%83%95%E3%82%A1%E3%82%A4%E3%82%A2(NEW%20LOGO)%20F/?a_id=5155865&p_id=54&pl_id=27059&pc_id=54,,https://m.media-amazon.com/images/I/41srQy2GYYL._SL500_.jpg
グレゴリー:デナリ100,https://www.amazon.co.jp/dp/B00ITP8MXA?a_id=5157158&p_id=170&pl_id=27060&pc_id=185,https://search.rakuten.co.jp/search/mall/%E3%82%B0%E3%83%AC%E3%82%B4%E3%83%AA%E3%83%BC%20%E3%83%87%E3%83%8A%E3%83%AA100%20DENALI%20100%20%E3%83%90%E3%82%B5%E3%83%AB%E3%83%88%E3%83%96%E3%83%A9%E3%83%83%E3%82%AF%20M%20649182917/?a_id=5155865&p_id=54&pl_id=27059&pc_id=54,,https://m.media-amazon.com/images/I/41PHiZwqUgL._SL500_.jpg
ライペン:マカルー80,https://www.amazon.co.jp/dp/B0054RYWNU?a_id=5157158&p_id=170&pl_id=27060&pc_id=185,https://search.rakuten.co.jp/search/mall/Ripen(%E3%83%A9%E3%82%A4%E3%83%9A%E3%83%B3%20%E3%82%A2%E3%83%A9%E3%82%A4%E3%83%86%E3%83%B3%E3%83%88)%20%E3%83%9E%E3%82%AB%E3%83%AB%E3%83%BC80L%2FRD%200100002/?a_id=5155865&p_id=54&pl_id=27059&pc_id=54,,https://m.media-amazon.com/images/I/21SwYn5XbzL._SL500_.jpg
LA SPORTIVA:アラゴン,https://www.amazon.co.jp/dp/B08G8SMWBS?a_id=5157158&p_id=170&pl_id=27060&pc_id=185,https://search.rakuten.co.jp/search/mall/%5BLa%20Sportiva%5D%20%E3%82%B9%E3%83%9D%E3%83%AB%E3%83%86%E3%82%A3%E3%83%90%20%E3%82%A2%E3%83%A9%E3%82%B4%E3%83%B3%2030B%20%E3%82%AF%E3%83%AC%E3%82%A4%C3%97%E3%82%B8%E3%83%A3%E3%82%B9%E3%83%9F%E3%83%B3%E3%82%B0%E3%83%AA%E3%83%BC%E3%83%B3%2041/?a_id=5155865&p_id=54&pl_id=27059&pc_id=54,,https://m.media-amazon.com/images/I/41S2FDJjjkL._SL500_.jpg
スカルパ:ベローチェ,https://www.amazon.co.jp/dp/B084D27Z3H?a_id=5157158&p_id=170&pl_id=27060&pc_id=185,https://search.rakuten.co.jp/search/mall/SCARPA(%E3%82%B9%E3%82%AB%E3%83%AB%E3%83%91)%20%E3%83%99%E3%83%AD%E3%83%BC%E3%83%81%E3%82%A7%20SC20230%20%E3%83%96%E3%83%A9%E3%83%83%E3%82%AF%2F%E3%82%A4%E3%82%A8%E3%83%AD%E3%83%BC%20EUR%E3%82%B5%E3%82%A4%E3%82%BA%2041(%E7%B4%8426.0cm)/?a_id=5155865&p_id=54&pl_id=27059&pc_id=54,,https://m.media-amazon.com/images/I/41dZB2EQEWL._SL500_.jpg
アンパラレル:エンゲージレース,https://www.amazon.co.jp/dp/B09V4H8WTK?a_id=5157158&p_id=170&pl_id=27060&pc_id=185,https://search.rakuten.co.jp/search/mall/%5BUnparallel%5D%20%E3%82%A2%E3%83%B3%E3%83%91%E3%83%A9%E3%83%AC%E3%83%AB%20%E3%82%A8%E3%83%B3%E3%82%B2%E3%83%BC%E3%82%B8%E3%83%AC%E3%83%BC%E3%82%B9%E3%82%A2%E3%83%83%E3%83%97%201410031%208/?a_id=5155865&p_id=54&pl_id=27059&pc_id=54,https://shopping.yahoo.co.jp/search?first=1&p=%5BUnparallel%5D+%E3%82%A2%E3%83%B3%E3%83%91%E3%83%A9%E3%83%AC%E3%83%AB+%E3%82%A8%E3%83%B3%E3%82%B2%E3%83%BC%E3%82%B8%E3%83%AC%E3%83%BC%E3%82%B9%E3%82%A2%E3%83%83%E3%83%97+1410031+8&a_id=5155867&p_id=1225&pl_id=27061&pc_id=1925,https://m.media-amazon.com/images/I/41g9tljrrqL._SL500_.jpg
エマージェンシーシート,https://www.amazon.co.jp/dp/B001MVZRSQ?a_id=5157158&p_id=170&pl_id=27060&pc_id=185,https://search.rakuten.co.jp/search/mall/SOL(%E3%82%BD%E3%83%AB)%20%E3%83%9D%E3%83%AA%E3%82%A8%E3%82%B9%E3%83%86%E3%83%AB%20%E3%82%A8%E3%83%9E%E3%83%BC%E3%82%B8%E3%82%A7%E3%83%B3%E3%82%B7%E3%83%BC%E3%83%96%E3%83%A9%E3%83%B3%E3%82%B1%E3%83%83%E3%83%88%20%E3%82%AA%E3%83%AC%E3%83%B3%E3%82%B8%201%E4%BA%BA%E7%94%A8%2012132/?a_id=5155865&p_id=54&pl_id=27059&pc_id=54,https://shopping.yahoo.co.jp/search?first=1&p=SOL%28%E3%82%BD%E3%83%AB%29+%E3%83%9D%E3%83%AA%E3%82%A8%E3%82%B9%E3%83%86%E3%83%AB+%E3%82%A8%E3%83%9E%E3%83%BC%E3%82%B8%E3%82%A7%E3%83%B3%E3%82%B7%E3%83%BC%E3%83%96%E3%83%A9%E3%83%B3%E3%82%B1%E3%83%83%E3%83%88+%E3%82%AA%E3%83%AC%E3%83%B3%E3%82%B8+1%E4%BA%BA%E7%94%A8+12132&a_id=5155867&p_id=1225&pl_id=27061&pc_id=1925,https://m.media-amazon.com/images/I/41Hp9uhK7PL._SL500_.jpg
アライテント:クロスペグ,,https://item.rakuten.co.jp/kojitu/4562296430085/?a_id=5155865&p_id=54&pl_id=27059&pc_id=54,,https://thumbnail.image.rakuten.co.jp/@0_mall/kojitu/cabinet/2021ss/gear/4562296430085.jpg
アライテント:張綱セット,https://www.amazon.co.jp/dp/B001P56LGG?a_id=5157158&p_id=170&pl_id=27060&pc_id=185,https://search.rakuten.co.jp/search/mall/ARAI%20TENT%20%E3%82%A2%E3%83%A9%E3%82%A4%E3%83%86%E3%83%B3%E3%83%88%20%E3%83%84%E3%82%A7%E3%83%AB%E3%83%88%E5%BC%B5%E7%B6%B2%E3%82%BB%E3%83%83%E3%83%88/?a_id=5155865&p_id=54&pl_id=27059&pc_id=54,,https://m.media-amazon.com/images/I/61tBbijYnnL._SL500_.jpg
ファイントラック:ガイラインセット,,https://item.rakuten.co.jp/yoshikip2/fag0111/?a_id=5155865&p_id=54&pl_id=27059&pc_id=54,,https://thumbnail.image.rakuten.co.jp/@0_mall/yoshikip2/cabinet/1809172/63493731.jpg
アライテント:スーパーライトツェルト1,https://www.amazon.co.jp/dp/B001P4ZR6C?a_id=5157158&p_id=170&pl_id=27060&pc_id=185,https://search.rakuten.co.jp/search/mall/%E3%82%A2%E3%83%A9%E3%82%A4%E3%83%86%E3%83%B3%E3%83%88%20%E3%82%B9%E3%83%BC%E3%83%91%E3%83%BC%E3%83%A9%E3%82%A4%E3%83%88%E3%83%BB%E3%83%84%E3%82%A7%E3%83%AB%E3%83%881%20370100%202%20%E4%BA%BA%E7%94%A8%20%E3%82%AD%E3%83%A3%E3%83%B3%E3%83%97%26%E3%83%8F%E3%82%A4%E3%82%AD%E3%83%B3%E3%82%B0/?a_id=5155865&p_id=54&pl_id=27059&pc_id=54,https://shopping.yahoo.co.jp/search?first=1&p=%E3%82%A2%E3%83%A9%E3%82%A4%E3%83%86%E3%83%B3%E3%83%88+%E3%82%B9%E3%83%BC%E3%83%91%E3%83%BC%E3%83%A9%E3%82%A4%E3%83%88%E3%83%BB%E3%83%84%E3%82%A7%E3%83%AB%E3%83%881+370100+2+%E4%BA%BA%E7%94%A8+%E3%82%AD%E3%83%A3%E3%83%B3%E3%83%97%26%E3%83%8F%E3%82%A4%E3%82%AD%E3%83%B3%E3%82%B0&a_id=5155867&p_id=1225&pl_id=27061&pc_id=1925,https://m.media-amazon.com/images/I/41uxbeKnGyL._SL500_.jpg
ファイントラック:ツェルト2ロング,https://www.amazon.co.jp/dp/B01C42U1N2?a_id=5157158&p_id=170&pl_id=27060&pc_id=185,https://search.rakuten.co.jp/search/mall/%E3%83%95%E3%82%A1%E3%82%A4%E3%83%B3%E3%83%88%E3%83%A9%E3%83%83%E3%82%AF(finetrack)%20FAG0123%20%E3%83%84%E3%82%A8%E3%83%AB%E3%83%882%E3%83%AD%E3%83%B3%E3%82%B0%20MO(%E3%83%A2%E3%82%B9)/?a_id=5155865&p_id=54&pl_id=27059&pc_id=54,https://shopping.yahoo.co.jp/search?first=1&p=%E3%83%95%E3%82%A1%E3%82%A4%E3%83%B3%E3%83%88%E3%83%A9%E3%83%83%E3%82%AF%28finetrack%29+FAG0123+%E3%83%84%E3%82%A8%E3%83%AB%E3%83%882%E3%83%AD%E3%83%B3%E3%82%B0+MO%28%E3%83%A2%E3%82%B9%29&a_id=5155867&p_id=1225&pl_id=27061&pc_id=1925,https://m.media-amazon.com/images/I/31SlextgwUL._SL500_.jpg
著者:樋口大良 氏 『ヒルは木から落ちてこない』,https://www.amazon.co.jp/dp/4635063089?a_id=5157158&p_id=170&pl_id=27060&pc_id=185,https://search.rakuten.co.jp/search/mall/%E3%83%92%E3%83%AB%E3%81%AF%E6%9C%A8%E3%81%8B%E3%82%89%E8%90%BD%E3%81%A1%E3%81%A6%E3%81%93%E3%81%AA%E3%81%84%E3%80%82%20%E3%81%BC%E3%81%8F%E3%82%89%E3%81%AE%E3%83%A4%E3%83%9E%E3%83%93%E3%83%AB%E7%A0%94%E7%A9%B6%E8%A8%98/?a_id=5155865&p_id=54&pl_id=27059&pc_id=54,https://shopping.yahoo.co.jp/search?first=1&p=%E3%83%92%E3%83%AB%E3%81%AF%E6%9C%A8%E3%81%8B%E3%82%89%E8%90%BD%E3%81%A1%E3%81%A6%E3%81%93%E3%81%AA%E3%81%84%E3%80%82+%E3%81%BC%E3%81%8F%E3%82%89%E3%81%AE%E3%83%A4%E3%83%9E%E3%83%93%E3%83%AB%E7%A0%94%E7%A9%B6%E8%A8%98&a_id=5155867&p_id=1225&pl_id=27061&pc_id=1925,https://m.media-amazon.com/images/I/51C816JWM8S._SL500_.jpg